localidad,ciclo_hidrologico,hora_dia,primary_category,promedio_clips_hora
12 DE ABRIL,Creciente,0,Amphibian,7.29
12 DE ABRIL,Creciente,0,Anthropogenic,28.34
12 DE ABRIL,Creciente,0,Bird,0.89
12 DE ABRIL,Creciente,0,Insect,41.57
12 DE ABRIL,Creciente,0,Mammal,0.09
12 DE ABRIL,Creciente,1,Amphibian,2.94
12 DE ABRIL,Creciente,1,Anthropogenic,22.71
12 DE ABRIL,Creciente,1,Bird,0.57
12 DE ABRIL,Creciente,1,Insect,33.26
12 DE ABRIL,Creciente,1,Mammal,0.11
12 DE ABRIL,Creciente,2,Amphibian,2.06
12 DE ABRIL,Creciente,2,Anthropogenic,20.49
12 DE ABRIL,Creciente,2,Bird,0.37
12 DE ABRIL,Creciente,2,Insect,34.17
12 DE ABRIL,Creciente,2,Mammal,0.11
12 DE ABRIL,Creciente,3,Amphibian,2.74
12 DE ABRIL,Creciente,3,Anthropogenic,10.14
12 DE ABRIL,Creciente,3,Bird,0.77
12 DE ABRIL,Creciente,3,Insect,34.0
12 DE ABRIL,Creciente,3,Mammal,0.03
12 DE ABRIL,Creciente,4,Amphibian,1.69
12 DE ABRIL,Creciente,4,Anthropogenic,10.6
12 DE ABRIL,Creciente,4,Bird,2.63
12 DE ABRIL,Creciente,4,Insect,31.63
12 DE ABRIL,Creciente,4,Mammal,0.03
12 DE ABRIL,Creciente,5,Amphibian,4.31
12 DE ABRIL,Creciente,5,Anthropogenic,11.74
12 DE ABRIL,Creciente,5,Bird,2.31
12 DE ABRIL,Creciente,5,Insect,37.94
12 DE ABRIL,Creciente,5,Mammal,0.06
12 DE ABRIL,Creciente,6,Amphibian,0.11
12 DE ABRIL,Creciente,6,Anthropogenic,4.8
12 DE ABRIL,Creciente,6,Bird,19.94
12 DE ABRIL,Creciente,6,Insect,42.83
12 DE ABRIL,Creciente,6,Mammal,0.31
12 DE ABRIL,Creciente,7,Amphibian,0.17
12 DE ABRIL,Creciente,7,Anthropogenic,8.03
12 DE ABRIL,Creciente,7,Bird,17.46
12 DE ABRIL,Creciente,7,Insect,47.51
12 DE ABRIL,Creciente,7,Mammal,0.34
12 DE ABRIL,Creciente,8,Amphibian,0.31
12 DE ABRIL,Creciente,8,Anthropogenic,4.8
12 DE ABRIL,Creciente,8,Bird,22.54
12 DE ABRIL,Creciente,8,Insect,39.57
12 DE ABRIL,Creciente,8,Mammal,0.09
12 DE ABRIL,Creciente,9,Amphibian,0.17
12 DE ABRIL,Creciente,9,Anthropogenic,6.91
12 DE ABRIL,Creciente,9,Bird,21.66
12 DE ABRIL,Creciente,9,Insect,26.26
12 DE ABRIL,Creciente,9,Mammal,0.51
12 DE ABRIL,Creciente,10,Amphibian,0.43
12 DE ABRIL,Creciente,10,Anthropogenic,11.49
12 DE ABRIL,Creciente,10,Bird,30.31
12 DE ABRIL,Creciente,10,Insect,45.09
12 DE ABRIL,Creciente,10,Mammal,0.43
12 DE ABRIL,Creciente,11,Amphibian,0.34
12 DE ABRIL,Creciente,11,Anthropogenic,13.4
12 DE ABRIL,Creciente,11,Bird,25.77
12 DE ABRIL,Creciente,11,Insect,57.09
12 DE ABRIL,Creciente,11,Mammal,0.46
12 DE ABRIL,Creciente,12,Amphibian,0.37
12 DE ABRIL,Creciente,12,Anthropogenic,14.43
12 DE ABRIL,Creciente,12,Bird,24.83
12 DE ABRIL,Creciente,12,Insect,40.89
12 DE ABRIL,Creciente,12,Mammal,0.6
12 DE ABRIL,Creciente,13,Amphibian,0.34
12 DE ABRIL,Creciente,13,Anthropogenic,11.91
12 DE ABRIL,Creciente,13,Bird,19.94
12 DE ABRIL,Creciente,13,Insect,56.14
12 DE ABRIL,Creciente,13,Mammal,0.06
12 DE ABRIL,Creciente,14,Amphibian,0.37
12 DE ABRIL,Creciente,14,Anthropogenic,17.2
12 DE ABRIL,Creciente,14,Bird,24.09
12 DE ABRIL,Creciente,14,Insect,49.0
12 DE ABRIL,Creciente,14,Mammal,0.49
12 DE ABRIL,Creciente,15,Amphibian,0.77
12 DE ABRIL,Creciente,15,Anthropogenic,9.6
12 DE ABRIL,Creciente,15,Bird,18.2
12 DE ABRIL,Creciente,15,Insect,67.57
12 DE ABRIL,Creciente,15,Mammal,0.2
12 DE ABRIL,Creciente,16,Amphibian,2.11
12 DE ABRIL,Creciente,16,Anthropogenic,9.34
12 DE ABRIL,Creciente,16,Bird,19.2
12 DE ABRIL,Creciente,16,Insect,61.26
12 DE ABRIL,Creciente,16,Mammal,0.14
12 DE ABRIL,Creciente,17,Amphibian,3.14
12 DE ABRIL,Creciente,17,Anthropogenic,22.57
12 DE ABRIL,Creciente,17,Bird,18.29
12 DE ABRIL,Creciente,17,Insect,60.14
12 DE ABRIL,Creciente,17,Mammal,0.06
12 DE ABRIL,Creciente,18,Amphibian,5.97
12 DE ABRIL,Creciente,18,Anthropogenic,28.46
12 DE ABRIL,Creciente,18,Bird,5.17
12 DE ABRIL,Creciente,18,Insect,73.17
12 DE ABRIL,Creciente,19,Amphibian,2.03
12 DE ABRIL,Creciente,19,Anthropogenic,32.37
12 DE ABRIL,Creciente,19,Bird,1.34
12 DE ABRIL,Creciente,19,Insect,77.63
12 DE ABRIL,Creciente,19,Mammal,0.03
12 DE ABRIL,Creciente,20,Amphibian,7.83
12 DE ABRIL,Creciente,20,Anthropogenic,36.49
12 DE ABRIL,Creciente,20,Bird,0.37
12 DE ABRIL,Creciente,20,Insect,60.94
12 DE ABRIL,Creciente,21,Amphibian,10.66
12 DE ABRIL,Creciente,21,Anthropogenic,37.6
12 DE ABRIL,Creciente,21,Bird,0.66
12 DE ABRIL,Creciente,21,Insect,53.2
12 DE ABRIL,Creciente,21,Mammal,0.09
12 DE ABRIL,Creciente,22,Amphibian,15.6
12 DE ABRIL,Creciente,22,Anthropogenic,36.11
12 DE ABRIL,Creciente,22,Bird,1.31
12 DE ABRIL,Creciente,22,Insect,42.69
12 DE ABRIL,Creciente,23,Amphibian,10.14
12 DE ABRIL,Creciente,23,Anthropogenic,30.2
12 DE ABRIL,Creciente,23,Bird,0.97
12 DE ABRIL,Creciente,23,Insect,43.29
12 DE ABRIL,Creciente,23,Mammal,0.03
12 DE ABRIL,Vaciante,0,Amphibian,17.52
12 DE ABRIL,Vaciante,0,Anthropogenic,49.96
12 DE ABRIL,Vaciante,0,Bird,2.43
12 DE ABRIL,Vaciante,0,Insect,162.13
12 DE ABRIL,Vaciante,0,Mammal,0.78
12 DE ABRIL,Vaciante,1,Amphibian,13.04
12 DE ABRIL,Vaciante,1,Anthropogenic,51.22
12 DE ABRIL,Vaciante,1,Bird,3.61
12 DE ABRIL,Vaciante,1,Insect,152.17
12 DE ABRIL,Vaciante,1,Mammal,2.09
12 DE ABRIL,Vaciante,2,Amphibian,13.43
12 DE ABRIL,Vaciante,2,Anthropogenic,39.26
12 DE ABRIL,Vaciante,2,Bird,10.35
12 DE ABRIL,Vaciante,2,Insect,146.96
12 DE ABRIL,Vaciante,2,Mammal,0.74
12 DE ABRIL,Vaciante,3,Amphibian,15.65
12 DE ABRIL,Vaciante,3,Anthropogenic,47.04
12 DE ABRIL,Vaciante,3,Bird,3.43
12 DE ABRIL,Vaciante,3,Insect,148.96
12 DE ABRIL,Vaciante,3,Mammal,0.26
12 DE ABRIL,Vaciante,4,Amphibian,9.39
12 DE ABRIL,Vaciante,4,Anthropogenic,56.09
12 DE ABRIL,Vaciante,4,Bird,6.52
12 DE ABRIL,Vaciante,4,Insect,152.13
12 DE ABRIL,Vaciante,4,Mammal,1.87
12 DE ABRIL,Vaciante,5,Amphibian,8.35
12 DE ABRIL,Vaciante,5,Anthropogenic,33.39
12 DE ABRIL,Vaciante,5,Bird,29.48
12 DE ABRIL,Vaciante,5,Insect,179.48
12 DE ABRIL,Vaciante,5,Mammal,2.17
12 DE ABRIL,Vaciante,6,Amphibian,2.35
12 DE ABRIL,Vaciante,6,Anthropogenic,13.78
12 DE ABRIL,Vaciante,6,Bird,92.7
12 DE ABRIL,Vaciante,6,Insect,148.26
12 DE ABRIL,Vaciante,6,Mammal,2.22
12 DE ABRIL,Vaciante,7,Amphibian,1.7
12 DE ABRIL,Vaciante,7,Anthropogenic,30.26
12 DE ABRIL,Vaciante,7,Bird,63.35
12 DE ABRIL,Vaciante,7,Insect,149.78
12 DE ABRIL,Vaciante,7,Mammal,1.52
12 DE ABRIL,Vaciante,8,Amphibian,0.43
12 DE ABRIL,Vaciante,8,Anthropogenic,44.83
12 DE ABRIL,Vaciante,8,Bird,71.35
12 DE ABRIL,Vaciante,8,Insect,115.61
12 DE ABRIL,Vaciante,8,Mammal,2.96
12 DE ABRIL,Vaciante,9,Amphibian,0.3
12 DE ABRIL,Vaciante,9,Anthropogenic,56.17
12 DE ABRIL,Vaciante,9,Bird,63.39
12 DE ABRIL,Vaciante,9,Insect,84.78
12 DE ABRIL,Vaciante,9,Mammal,1.78
12 DE ABRIL,Vaciante,10,Amphibian,0.39
12 DE ABRIL,Vaciante,10,Anthropogenic,47.52
12 DE ABRIL,Vaciante,10,Bird,64.17
12 DE ABRIL,Vaciante,10,Insect,83.26
12 DE ABRIL,Vaciante,10,Mammal,2.13
12 DE ABRIL,Vaciante,11,Amphibian,0.04
12 DE ABRIL,Vaciante,11,Anthropogenic,36.87
12 DE ABRIL,Vaciante,11,Bird,42.39
12 DE ABRIL,Vaciante,11,Insect,67.65
12 DE ABRIL,Vaciante,11,Mammal,1.35
12 DE ABRIL,Vaciante,12,Amphibian,0.22
12 DE ABRIL,Vaciante,12,Anthropogenic,47.57
12 DE ABRIL,Vaciante,12,Bird,37.83
12 DE ABRIL,Vaciante,12,Insect,63.13
12 DE ABRIL,Vaciante,12,Mammal,3.96
12 DE ABRIL,Vaciante,13,Amphibian,0.43
12 DE ABRIL,Vaciante,13,Anthropogenic,36.3
12 DE ABRIL,Vaciante,13,Bird,23.13
12 DE ABRIL,Vaciante,13,Insect,57.7
12 DE ABRIL,Vaciante,13,Mammal,1.43
12 DE ABRIL,Vaciante,14,Amphibian,1.0
12 DE ABRIL,Vaciante,14,Anthropogenic,44.39
12 DE ABRIL,Vaciante,14,Bird,24.96
12 DE ABRIL,Vaciante,14,Insect,97.96
12 DE ABRIL,Vaciante,14,Mammal,2.87
12 DE ABRIL,Vaciante,15,Amphibian,1.09
12 DE ABRIL,Vaciante,15,Anthropogenic,42.52
12 DE ABRIL,Vaciante,15,Bird,29.43
12 DE ABRIL,Vaciante,15,Insect,116.43
12 DE ABRIL,Vaciante,15,Mammal,2.52
12 DE ABRIL,Vaciante,16,Amphibian,7.0
12 DE ABRIL,Vaciante,16,Anthropogenic,44.39
12 DE ABRIL,Vaciante,16,Bird,38.87
12 DE ABRIL,Vaciante,16,Insect,148.39
12 DE ABRIL,Vaciante,16,Mammal,0.26
12 DE ABRIL,Vaciante,17,Amphibian,7.3
12 DE ABRIL,Vaciante,17,Anthropogenic,55.09
12 DE ABRIL,Vaciante,17,Bird,32.83
12 DE ABRIL,Vaciante,17,Insect,164.7
12 DE ABRIL,Vaciante,17,Mammal,0.43
12 DE ABRIL,Vaciante,18,Amphibian,5.3
12 DE ABRIL,Vaciante,18,Anthropogenic,90.22
12 DE ABRIL,Vaciante,18,Bird,5.74
12 DE ABRIL,Vaciante,18,Insect,197.87
12 DE ABRIL,Vaciante,18,Mammal,0.13
12 DE ABRIL,Vaciante,19,Amphibian,27.96
12 DE ABRIL,Vaciante,19,Anthropogenic,60.04
12 DE ABRIL,Vaciante,19,Bird,0.78
12 DE ABRIL,Vaciante,19,Insect,191.57
12 DE ABRIL,Vaciante,20,Amphibian,34.83
12 DE ABRIL,Vaciante,20,Anthropogenic,63.3
12 DE ABRIL,Vaciante,20,Bird,2.26
12 DE ABRIL,Vaciante,20,Insect,154.04
12 DE ABRIL,Vaciante,20,Mammal,0.61
12 DE ABRIL,Vaciante,21,Amphibian,46.09
12 DE ABRIL,Vaciante,21,Anthropogenic,69.26
12 DE ABRIL,Vaciante,21,Bird,2.65
12 DE ABRIL,Vaciante,21,Insect,134.39
12 DE ABRIL,Vaciante,21,Mammal,0.78
12 DE ABRIL,Vaciante,22,Amphibian,42.57
12 DE ABRIL,Vaciante,22,Anthropogenic,63.13
12 DE ABRIL,Vaciante,22,Bird,3.22
12 DE ABRIL,Vaciante,22,Insect,138.09
12 DE ABRIL,Vaciante,22,Mammal,0.3
12 DE ABRIL,Vaciante,23,Amphibian,33.17
12 DE ABRIL,Vaciante,23,Anthropogenic,66.09
12 DE ABRIL,Vaciante,23,Bird,3.74
12 DE ABRIL,Vaciante,23,Insect,140.17
12 DE ABRIL,Vaciante,23,Mammal,0.39
PAUJIL,Creciente,0,Amphibian,6.73
PAUJIL,Creciente,0,Anthropogenic,20.21
PAUJIL,Creciente,0,Bird,4.55
PAUJIL,Creciente,0,Insect,136.12
PAUJIL,Creciente,0,Mammal,0.03
PAUJIL,Creciente,1,Amphibian,6.73
PAUJIL,Creciente,1,Anthropogenic,14.18
PAUJIL,Creciente,1,Bird,3.64
PAUJIL,Creciente,1,Insect,120.91
PAUJIL,Creciente,2,Amphibian,6.94
PAUJIL,Creciente,2,Anthropogenic,19.39
PAUJIL,Creciente,2,Bird,4.97
PAUJIL,Creciente,2,Insect,126.06
PAUJIL,Creciente,2,Mammal,0.15
PAUJIL,Creciente,3,Amphibian,8.97
PAUJIL,Creciente,3,Anthropogenic,14.42
PAUJIL,Creciente,3,Bird,39.76
PAUJIL,Creciente,3,Insect,99.15
PAUJIL,Creciente,4,Amphibian,4.67
PAUJIL,Creciente,4,Anthropogenic,14.94
PAUJIL,Creciente,4,Bird,37.03
PAUJIL,Creciente,4,Insect,98.12
PAUJIL,Creciente,5,Amphibian,4.73
PAUJIL,Creciente,5,Anthropogenic,16.58
PAUJIL,Creciente,5,Bird,40.67
PAUJIL,Creciente,5,Insect,82.97
PAUJIL,Creciente,5,Mammal,0.21
PAUJIL,Creciente,6,Amphibian,2.18
PAUJIL,Creciente,6,Anthropogenic,6.82
PAUJIL,Creciente,6,Bird,61.58
PAUJIL,Creciente,6,Insect,84.7
PAUJIL,Creciente,6,Mammal,0.27
PAUJIL,Creciente,7,Amphibian,2.67
PAUJIL,Creciente,7,Anthropogenic,8.18
PAUJIL,Creciente,7,Bird,63.88
PAUJIL,Creciente,7,Insect,86.42
PAUJIL,Creciente,7,Mammal,0.27
PAUJIL,Creciente,8,Amphibian,1.33
PAUJIL,Creciente,8,Anthropogenic,8.27
PAUJIL,Creciente,8,Bird,55.73
PAUJIL,Creciente,8,Insect,84.27
PAUJIL,Creciente,8,Mammal,0.12
PAUJIL,Creciente,9,Amphibian,1.03
PAUJIL,Creciente,9,Anthropogenic,10.76
PAUJIL,Creciente,9,Bird,57.39
PAUJIL,Creciente,9,Insect,66.67
PAUJIL,Creciente,9,Mammal,1.0
PAUJIL,Creciente,10,Amphibian,5.58
PAUJIL,Creciente,10,Anthropogenic,14.03
PAUJIL,Creciente,10,Bird,71.82
PAUJIL,Creciente,10,Insect,91.06
PAUJIL,Creciente,10,Mammal,0.48
PAUJIL,Creciente,11,Amphibian,0.91
PAUJIL,Creciente,11,Anthropogenic,10.7
PAUJIL,Creciente,11,Bird,77.58
PAUJIL,Creciente,11,Insect,92.06
PAUJIL,Creciente,11,Mammal,0.45
PAUJIL,Creciente,12,Amphibian,1.76
PAUJIL,Creciente,12,Anthropogenic,17.73
PAUJIL,Creciente,12,Bird,64.33
PAUJIL,Creciente,12,Insect,99.97
PAUJIL,Creciente,12,Mammal,0.36
PAUJIL,Creciente,13,Amphibian,5.09
PAUJIL,Creciente,13,Anthropogenic,15.7
PAUJIL,Creciente,13,Bird,62.58
PAUJIL,Creciente,13,Insect,80.52
PAUJIL,Creciente,13,Mammal,0.73
PAUJIL,Creciente,14,Amphibian,2.06
PAUJIL,Creciente,14,Anthropogenic,14.55
PAUJIL,Creciente,14,Bird,49.61
PAUJIL,Creciente,14,Insect,85.42
PAUJIL,Creciente,14,Mammal,0.82
PAUJIL,Creciente,15,Amphibian,9.88
PAUJIL,Creciente,15,Anthropogenic,15.88
PAUJIL,Creciente,15,Bird,39.55
PAUJIL,Creciente,15,Insect,110.33
PAUJIL,Creciente,15,Mammal,0.21
PAUJIL,Creciente,16,Amphibian,6.15
PAUJIL,Creciente,16,Anthropogenic,16.94
PAUJIL,Creciente,16,Bird,25.06
PAUJIL,Creciente,16,Insect,108.21
PAUJIL,Creciente,16,Mammal,0.3
PAUJIL,Creciente,17,Amphibian,8.94
PAUJIL,Creciente,17,Anthropogenic,28.03
PAUJIL,Creciente,17,Bird,19.85
PAUJIL,Creciente,17,Insect,83.88
PAUJIL,Creciente,17,Mammal,0.33
PAUJIL,Creciente,18,Amphibian,9.64
PAUJIL,Creciente,18,Anthropogenic,28.64
PAUJIL,Creciente,18,Bird,9.55
PAUJIL,Creciente,18,Insect,94.52
PAUJIL,Creciente,18,Mammal,0.12
PAUJIL,Creciente,19,Amphibian,11.27
PAUJIL,Creciente,19,Anthropogenic,23.85
PAUJIL,Creciente,19,Bird,3.15
PAUJIL,Creciente,19,Insect,137.24
PAUJIL,Creciente,19,Mammal,0.12
PAUJIL,Creciente,20,Amphibian,11.42
PAUJIL,Creciente,20,Anthropogenic,39.45
PAUJIL,Creciente,20,Bird,1.94
PAUJIL,Creciente,20,Insect,122.67
PAUJIL,Creciente,20,Mammal,0.09
PAUJIL,Creciente,21,Amphibian,11.85
PAUJIL,Creciente,21,Anthropogenic,34.18
PAUJIL,Creciente,21,Bird,4.94
PAUJIL,Creciente,21,Insect,130.52
PAUJIL,Creciente,21,Mammal,0.36
PAUJIL,Creciente,22,Amphibian,17.97
PAUJIL,Creciente,22,Anthropogenic,31.39
PAUJIL,Creciente,22,Bird,2.03
PAUJIL,Creciente,22,Insect,130.64
PAUJIL,Creciente,22,Mammal,0.61
PAUJIL,Creciente,23,Amphibian,9.27
PAUJIL,Creciente,23,Anthropogenic,23.33
PAUJIL,Creciente,23,Bird,1.88
PAUJIL,Creciente,23,Insect,142.64
PAUJIL,Creciente,23,Mammal,0.15
PAUJIL,Vaciante,0,Amphibian,9.24
PAUJIL,Vaciante,0,Anthropogenic,15.86
PAUJIL,Vaciante,0,Bird,3.67
PAUJIL,Vaciante,0,Insect,130.1
PAUJIL,Vaciante,0,Mammal,0.29
PAUJIL,Vaciante,1,Amphibian,1.95
PAUJIL,Vaciante,1,Anthropogenic,3.57
PAUJIL,Vaciante,1,Bird,2.52
PAUJIL,Vaciante,1,Insect,135.05
PAUJIL,Vaciante,1,Mammal,0.24
PAUJIL,Vaciante,2,Amphibian,1.62
PAUJIL,Vaciante,2,Anthropogenic,5.05
PAUJIL,Vaciante,2,Bird,2.95
PAUJIL,Vaciante,2,Insect,119.24
PAUJIL,Vaciante,2,Mammal,0.67
PAUJIL,Vaciante,3,Amphibian,1.86
PAUJIL,Vaciante,3,Anthropogenic,25.86
PAUJIL,Vaciante,3,Bird,2.67
PAUJIL,Vaciante,3,Insect,102.52
PAUJIL,Vaciante,4,Amphibian,2.05
PAUJIL,Vaciante,4,Anthropogenic,23.48
PAUJIL,Vaciante,4,Bird,6.14
PAUJIL,Vaciante,4,Insect,104.1
PAUJIL,Vaciante,4,Mammal,0.29
PAUJIL,Vaciante,5,Amphibian,1.76
PAUJIL,Vaciante,5,Anthropogenic,20.33
PAUJIL,Vaciante,5,Bird,18.14
PAUJIL,Vaciante,5,Insect,78.48
PAUJIL,Vaciante,5,Mammal,1.05
PAUJIL,Vaciante,6,Amphibian,2.43
PAUJIL,Vaciante,6,Anthropogenic,17.81
PAUJIL,Vaciante,6,Bird,55.24
PAUJIL,Vaciante,6,Insect,70.52
PAUJIL,Vaciante,6,Mammal,0.29
PAUJIL,Vaciante,7,Amphibian,2.71
PAUJIL,Vaciante,7,Anthropogenic,27.14
PAUJIL,Vaciante,7,Bird,37.43
PAUJIL,Vaciante,7,Insect,77.19
PAUJIL,Vaciante,7,Mammal,0.81
PAUJIL,Vaciante,8,Amphibian,1.05
PAUJIL,Vaciante,8,Anthropogenic,15.38
PAUJIL,Vaciante,8,Bird,60.43
PAUJIL,Vaciante,8,Insect,61.86
PAUJIL,Vaciante,8,Mammal,0.67
PAUJIL,Vaciante,9,Amphibian,0.76
PAUJIL,Vaciante,9,Anthropogenic,30.57
PAUJIL,Vaciante,9,Bird,56.05
PAUJIL,Vaciante,9,Insect,49.67
PAUJIL,Vaciante,9,Mammal,0.43
PAUJIL,Vaciante,10,Amphibian,0.19
PAUJIL,Vaciante,10,Anthropogenic,34.14
PAUJIL,Vaciante,10,Bird,61.38
PAUJIL,Vaciante,10,Insect,45.57
PAUJIL,Vaciante,10,Mammal,0.43
PAUJIL,Vaciante,11,Amphibian,0.33
PAUJIL,Vaciante,11,Anthropogenic,34.0
PAUJIL,Vaciante,11,Bird,46.29
PAUJIL,Vaciante,11,Insect,49.48
PAUJIL,Vaciante,11,Mammal,0.86
PAUJIL,Vaciante,12,Amphibian,0.76
PAUJIL,Vaciante,12,Anthropogenic,35.57
PAUJIL,Vaciante,12,Bird,50.1
PAUJIL,Vaciante,12,Insect,50.24
PAUJIL,Vaciante,12,Mammal,0.95
PAUJIL,Vaciante,13,Amphibian,1.9
PAUJIL,Vaciante,13,Anthropogenic,30.48
PAUJIL,Vaciante,13,Bird,35.62
PAUJIL,Vaciante,13,Insect,64.71
PAUJIL,Vaciante,13,Mammal,0.67
PAUJIL,Vaciante,14,Amphibian,3.76
PAUJIL,Vaciante,14,Anthropogenic,24.52
PAUJIL,Vaciante,14,Bird,31.76
PAUJIL,Vaciante,14,Insect,82.1
PAUJIL,Vaciante,14,Mammal,0.81
PAUJIL,Vaciante,15,Amphibian,12.38
PAUJIL,Vaciante,15,Anthropogenic,33.24
PAUJIL,Vaciante,15,Bird,27.1
PAUJIL,Vaciante,15,Insect,81.76
PAUJIL,Vaciante,15,Mammal,0.43
PAUJIL,Vaciante,16,Amphibian,11.86
PAUJIL,Vaciante,16,Anthropogenic,31.19
PAUJIL,Vaciante,16,Bird,29.62
PAUJIL,Vaciante,16,Insect,88.19
PAUJIL,Vaciante,16,Mammal,1.1
PAUJIL,Vaciante,17,Amphibian,18.05
PAUJIL,Vaciante,17,Anthropogenic,31.52
PAUJIL,Vaciante,17,Bird,18.81
PAUJIL,Vaciante,17,Insect,89.0
PAUJIL,Vaciante,17,Mammal,0.57
PAUJIL,Vaciante,18,Amphibian,20.52
PAUJIL,Vaciante,18,Anthropogenic,31.1
PAUJIL,Vaciante,18,Bird,4.57
PAUJIL,Vaciante,18,Insect,96.81
PAUJIL,Vaciante,18,Mammal,0.19
PAUJIL,Vaciante,19,Amphibian,18.76
PAUJIL,Vaciante,19,Anthropogenic,20.1
PAUJIL,Vaciante,19,Bird,0.19
PAUJIL,Vaciante,19,Insect,124.57
PAUJIL,Vaciante,19,Mammal,0.1
PAUJIL,Vaciante,20,Amphibian,25.0
PAUJIL,Vaciante,20,Anthropogenic,14.86
PAUJIL,Vaciante,20,Bird,1.0
PAUJIL,Vaciante,20,Insect,117.33
PAUJIL,Vaciante,20,Mammal,0.19
PAUJIL,Vaciante,21,Amphibian,18.38
PAUJIL,Vaciante,21,Anthropogenic,28.14
PAUJIL,Vaciante,21,Bird,0.33
PAUJIL,Vaciante,21,Insect,109.71
PAUJIL,Vaciante,21,Mammal,0.14
PAUJIL,Vaciante,22,Amphibian,27.48
PAUJIL,Vaciante,22,Anthropogenic,25.19
PAUJIL,Vaciante,22,Bird,1.62
PAUJIL,Vaciante,22,Insect,110.52
PAUJIL,Vaciante,22,Mammal,0.1
PAUJIL,Vaciante,23,Amphibian,22.67
PAUJIL,Vaciante,23,Anthropogenic,33.14
PAUJIL,Vaciante,23,Bird,0.62
PAUJIL,Vaciante,23,Insect,111.57
PAUJIL,Vaciante,23,Mammal,0.62
QUISTOCOCHA,Creciente,0,Amphibian,2.89
QUISTOCOCHA,Creciente,0,Anthropogenic,27.58
QUISTOCOCHA,Creciente,0,Bird,10.11
QUISTOCOCHA,Creciente,0,Insect,215.79
QUISTOCOCHA,Creciente,0,Mammal,0.21
QUISTOCOCHA,Creciente,1,Amphibian,0.79
QUISTOCOCHA,Creciente,1,Anthropogenic,25.32
QUISTOCOCHA,Creciente,1,Bird,15.32
QUISTOCOCHA,Creciente,1,Insect,175.68
QUISTOCOCHA,Creciente,1,Mammal,4.0
QUISTOCOCHA,Creciente,2,Amphibian,1.58
QUISTOCOCHA,Creciente,2,Anthropogenic,28.47
QUISTOCOCHA,Creciente,2,Bird,10.68
QUISTOCOCHA,Creciente,2,Insect,182.32
QUISTOCOCHA,Creciente,2,Mammal,0.58
QUISTOCOCHA,Creciente,3,Amphibian,4.11
QUISTOCOCHA,Creciente,3,Anthropogenic,28.84
QUISTOCOCHA,Creciente,3,Bird,39.68
QUISTOCOCHA,Creciente,3,Insect,159.37
QUISTOCOCHA,Creciente,3,Mammal,2.32
QUISTOCOCHA,Creciente,4,Amphibian,4.42
QUISTOCOCHA,Creciente,4,Anthropogenic,33.53
QUISTOCOCHA,Creciente,4,Bird,26.89
QUISTOCOCHA,Creciente,4,Insect,170.74
QUISTOCOCHA,Creciente,4,Mammal,0.47
QUISTOCOCHA,Creciente,5,Amphibian,1.53
QUISTOCOCHA,Creciente,5,Anthropogenic,42.05
QUISTOCOCHA,Creciente,5,Bird,51.95
QUISTOCOCHA,Creciente,5,Insect,155.89
QUISTOCOCHA,Creciente,5,Mammal,2.16
QUISTOCOCHA,Creciente,6,Amphibian,0.42
QUISTOCOCHA,Creciente,6,Anthropogenic,39.63
QUISTOCOCHA,Creciente,6,Bird,76.68
QUISTOCOCHA,Creciente,6,Insect,76.63
QUISTOCOCHA,Creciente,6,Mammal,0.42
QUISTOCOCHA,Creciente,7,Amphibian,0.74
QUISTOCOCHA,Creciente,7,Anthropogenic,46.58
QUISTOCOCHA,Creciente,7,Bird,86.63
QUISTOCOCHA,Creciente,7,Insect,56.11
QUISTOCOCHA,Creciente,7,Mammal,1.68
QUISTOCOCHA,Creciente,8,Amphibian,0.05
QUISTOCOCHA,Creciente,8,Anthropogenic,36.11
QUISTOCOCHA,Creciente,8,Bird,66.37
QUISTOCOCHA,Creciente,8,Insect,39.42
QUISTOCOCHA,Creciente,8,Mammal,0.53
QUISTOCOCHA,Creciente,9,Amphibian,0.37
QUISTOCOCHA,Creciente,9,Anthropogenic,42.84
QUISTOCOCHA,Creciente,9,Bird,62.32
QUISTOCOCHA,Creciente,9,Insect,36.53
QUISTOCOCHA,Creciente,9,Mammal,0.79
QUISTOCOCHA,Creciente,10,Amphibian,0.53
QUISTOCOCHA,Creciente,10,Anthropogenic,34.68
QUISTOCOCHA,Creciente,10,Bird,52.89
QUISTOCOCHA,Creciente,10,Insect,28.89
QUISTOCOCHA,Creciente,10,Mammal,1.05
QUISTOCOCHA,Creciente,11,Amphibian,0.11
QUISTOCOCHA,Creciente,11,Anthropogenic,38.16
QUISTOCOCHA,Creciente,11,Bird,52.89
QUISTOCOCHA,Creciente,11,Insect,28.37
QUISTOCOCHA,Creciente,11,Mammal,0.63
QUISTOCOCHA,Creciente,12,Amphibian,0.21
QUISTOCOCHA,Creciente,12,Anthropogenic,45.79
QUISTOCOCHA,Creciente,12,Bird,44.58
QUISTOCOCHA,Creciente,12,Insect,29.42
QUISTOCOCHA,Creciente,12,Mammal,0.63
QUISTOCOCHA,Creciente,13,Amphibian,0.37
QUISTOCOCHA,Creciente,13,Anthropogenic,57.42
QUISTOCOCHA,Creciente,13,Bird,69.84
QUISTOCOCHA,Creciente,13,Insect,39.16
QUISTOCOCHA,Creciente,13,Mammal,1.95
QUISTOCOCHA,Creciente,14,Amphibian,1.16
QUISTOCOCHA,Creciente,14,Anthropogenic,40.0
QUISTOCOCHA,Creciente,14,Bird,48.26
QUISTOCOCHA,Creciente,14,Insect,43.0
QUISTOCOCHA,Creciente,14,Mammal,1.26
QUISTOCOCHA,Creciente,15,Amphibian,0.68
QUISTOCOCHA,Creciente,15,Anthropogenic,35.89
QUISTOCOCHA,Creciente,15,Bird,39.74
QUISTOCOCHA,Creciente,15,Insect,59.32
QUISTOCOCHA,Creciente,15,Mammal,0.95
QUISTOCOCHA,Creciente,16,Amphibian,2.68
QUISTOCOCHA,Creciente,16,Anthropogenic,40.63
QUISTOCOCHA,Creciente,16,Bird,47.37
QUISTOCOCHA,Creciente,16,Insect,93.11
QUISTOCOCHA,Creciente,16,Mammal,0.95
QUISTOCOCHA,Creciente,17,Amphibian,3.58
QUISTOCOCHA,Creciente,17,Anthropogenic,33.26
QUISTOCOCHA,Creciente,17,Bird,44.79
QUISTOCOCHA,Creciente,17,Insect,114.47
QUISTOCOCHA,Creciente,17,Mammal,0.26
QUISTOCOCHA,Creciente,18,Amphibian,5.32
QUISTOCOCHA,Creciente,18,Anthropogenic,45.74
QUISTOCOCHA,Creciente,18,Bird,28.68
QUISTOCOCHA,Creciente,18,Insect,161.05
QUISTOCOCHA,Creciente,18,Mammal,0.42
QUISTOCOCHA,Creciente,19,Amphibian,4.58
QUISTOCOCHA,Creciente,19,Anthropogenic,56.0
QUISTOCOCHA,Creciente,19,Bird,22.0
QUISTOCOCHA,Creciente,19,Insect,171.63
QUISTOCOCHA,Creciente,19,Mammal,0.63
QUISTOCOCHA,Creciente,20,Amphibian,2.32
QUISTOCOCHA,Creciente,20,Anthropogenic,65.58
QUISTOCOCHA,Creciente,20,Bird,25.32
QUISTOCOCHA,Creciente,20,Insect,109.32
QUISTOCOCHA,Creciente,20,Mammal,0.11
QUISTOCOCHA,Creciente,21,Amphibian,1.53
QUISTOCOCHA,Creciente,21,Anthropogenic,59.68
QUISTOCOCHA,Creciente,21,Bird,21.95
QUISTOCOCHA,Creciente,21,Insect,114.32
QUISTOCOCHA,Creciente,21,Mammal,0.37
QUISTOCOCHA,Creciente,22,Amphibian,0.74
QUISTOCOCHA,Creciente,22,Anthropogenic,60.32
QUISTOCOCHA,Creciente,22,Bird,17.32
QUISTOCOCHA,Creciente,22,Insect,174.63
QUISTOCOCHA,Creciente,22,Mammal,0.89
QUISTOCOCHA,Creciente,23,Amphibian,1.63
QUISTOCOCHA,Creciente,23,Anthropogenic,52.74
QUISTOCOCHA,Creciente,23,Bird,19.74
QUISTOCOCHA,Creciente,23,Insect,171.26
QUISTOCOCHA,Creciente,23,Mammal,2.05
QUISTOCOCHA,Vaciante,0,Amphibian,0.75
QUISTOCOCHA,Vaciante,0,Anthropogenic,22.4
QUISTOCOCHA,Vaciante,0,Bird,3.23
QUISTOCOCHA,Vaciante,0,Insect,59.1
QUISTOCOCHA,Vaciante,0,Mammal,0.35
QUISTOCOCHA,Vaciante,1,Amphibian,0.05
QUISTOCOCHA,Vaciante,1,Anthropogenic,23.48
QUISTOCOCHA,Vaciante,1,Bird,1.85
QUISTOCOCHA,Vaciante,1,Insect,67.72
QUISTOCOCHA,Vaciante,1,Mammal,0.72
QUISTOCOCHA,Vaciante,2,Amphibian,0.45
QUISTOCOCHA,Vaciante,2,Anthropogenic,15.32
QUISTOCOCHA,Vaciante,2,Bird,2.38
QUISTOCOCHA,Vaciante,2,Insect,51.75
QUISTOCOCHA,Vaciante,2,Mammal,0.42
QUISTOCOCHA,Vaciante,3,Amphibian,1.48
QUISTOCOCHA,Vaciante,3,Anthropogenic,9.63
QUISTOCOCHA,Vaciante,3,Bird,3.58
QUISTOCOCHA,Vaciante,3,Insect,49.92
QUISTOCOCHA,Vaciante,3,Mammal,0.72
QUISTOCOCHA,Vaciante,4,Amphibian,1.35
QUISTOCOCHA,Vaciante,4,Anthropogenic,10.1
QUISTOCOCHA,Vaciante,4,Bird,9.45
QUISTOCOCHA,Vaciante,4,Insect,43.38
QUISTOCOCHA,Vaciante,4,Mammal,0.65
QUISTOCOCHA,Vaciante,5,Amphibian,0.4
QUISTOCOCHA,Vaciante,5,Anthropogenic,11.82
QUISTOCOCHA,Vaciante,5,Bird,28.55
QUISTOCOCHA,Vaciante,5,Insect,47.08
QUISTOCOCHA,Vaciante,5,Mammal,1.32
QUISTOCOCHA,Vaciante,6,Amphibian,0.07
QUISTOCOCHA,Vaciante,6,Anthropogenic,17.52
QUISTOCOCHA,Vaciante,6,Bird,51.45
QUISTOCOCHA,Vaciante,6,Insect,37.2
QUISTOCOCHA,Vaciante,6,Mammal,1.02
QUISTOCOCHA,Vaciante,7,Anthropogenic,33.23
QUISTOCOCHA,Vaciante,7,Bird,36.6
QUISTOCOCHA,Vaciante,7,Insect,40.3
QUISTOCOCHA,Vaciante,7,Mammal,0.8
QUISTOCOCHA,Vaciante,8,Amphibian,0.03
QUISTOCOCHA,Vaciante,8,Anthropogenic,29.52
QUISTOCOCHA,Vaciante,8,Bird,28.52
QUISTOCOCHA,Vaciante,8,Insect,32.83
QUISTOCOCHA,Vaciante,8,Mammal,0.95
QUISTOCOCHA,Vaciante,9,Anthropogenic,42.92
QUISTOCOCHA,Vaciante,9,Bird,22.73
QUISTOCOCHA,Vaciante,9,Insect,25.1
QUISTOCOCHA,Vaciante,9,Mammal,1.27
QUISTOCOCHA,Vaciante,10,Amphibian,0.05
QUISTOCOCHA,Vaciante,10,Anthropogenic,52.73
QUISTOCOCHA,Vaciante,10,Bird,31.55
QUISTOCOCHA,Vaciante,10,Insect,15.7
QUISTOCOCHA,Vaciante,10,Mammal,1.05
QUISTOCOCHA,Vaciante,11,Amphibian,0.05
QUISTOCOCHA,Vaciante,11,Anthropogenic,56.42
QUISTOCOCHA,Vaciante,11,Bird,30.48
QUISTOCOCHA,Vaciante,11,Insect,18.0
QUISTOCOCHA,Vaciante,11,Mammal,1.07
QUISTOCOCHA,Vaciante,12,Amphibian,0.3
QUISTOCOCHA,Vaciante,12,Anthropogenic,69.5
QUISTOCOCHA,Vaciante,12,Bird,21.85
QUISTOCOCHA,Vaciante,12,Insect,16.35
QUISTOCOCHA,Vaciante,12,Mammal,0.7
QUISTOCOCHA,Vaciante,13,Amphibian,1.43
QUISTOCOCHA,Vaciante,13,Anthropogenic,58.58
QUISTOCOCHA,Vaciante,13,Bird,29.23
QUISTOCOCHA,Vaciante,13,Insect,28.45
QUISTOCOCHA,Vaciante,13,Mammal,1.48
QUISTOCOCHA,Vaciante,14,Amphibian,3.02
QUISTOCOCHA,Vaciante,14,Anthropogenic,51.13
QUISTOCOCHA,Vaciante,14,Bird,23.05
QUISTOCOCHA,Vaciante,14,Insect,33.88
QUISTOCOCHA,Vaciante,14,Mammal,0.63
QUISTOCOCHA,Vaciante,15,Amphibian,4.58
QUISTOCOCHA,Vaciante,15,Anthropogenic,44.08
QUISTOCOCHA,Vaciante,15,Bird,29.35
QUISTOCOCHA,Vaciante,15,Insect,40.55
QUISTOCOCHA,Vaciante,15,Mammal,1.3
QUISTOCOCHA,Vaciante,16,Amphibian,2.98
QUISTOCOCHA,Vaciante,16,Anthropogenic,67.97
QUISTOCOCHA,Vaciante,16,Bird,21.82
QUISTOCOCHA,Vaciante,16,Insect,35.52
QUISTOCOCHA,Vaciante,16,Mammal,1.1
QUISTOCOCHA,Vaciante,17,Amphibian,3.58
QUISTOCOCHA,Vaciante,17,Anthropogenic,60.63
QUISTOCOCHA,Vaciante,17,Bird,29.7
QUISTOCOCHA,Vaciante,17,Insect,31.18
QUISTOCOCHA,Vaciante,17,Mammal,0.63
QUISTOCOCHA,Vaciante,18,Amphibian,9.1
QUISTOCOCHA,Vaciante,18,Anthropogenic,69.63
QUISTOCOCHA,Vaciante,18,Bird,6.8
QUISTOCOCHA,Vaciante,18,Insect,30.98
QUISTOCOCHA,Vaciante,18,Mammal,0.23
QUISTOCOCHA,Vaciante,19,Amphibian,0.28
QUISTOCOCHA,Vaciante,19,Anthropogenic,62.25
QUISTOCOCHA,Vaciante,19,Bird,1.82
QUISTOCOCHA,Vaciante,19,Insect,72.97
QUISTOCOCHA,Vaciante,19,Mammal,1.15
QUISTOCOCHA,Vaciante,20,Amphibian,0.3
QUISTOCOCHA,Vaciante,20,Anthropogenic,51.42
QUISTOCOCHA,Vaciante,20,Bird,1.5
QUISTOCOCHA,Vaciante,20,Insect,45.92
QUISTOCOCHA,Vaciante,20,Mammal,0.4
QUISTOCOCHA,Vaciante,21,Amphibian,0.55
QUISTOCOCHA,Vaciante,21,Anthropogenic,33.92
QUISTOCOCHA,Vaciante,21,Bird,2.33
QUISTOCOCHA,Vaciante,21,Insect,57.42
QUISTOCOCHA,Vaciante,21,Mammal,0.28
QUISTOCOCHA,Vaciante,22,Amphibian,0.03
QUISTOCOCHA,Vaciante,22,Anthropogenic,25.23
QUISTOCOCHA,Vaciante,22,Bird,1.8
QUISTOCOCHA,Vaciante,22,Insect,58.45
QUISTOCOCHA,Vaciante,22,Mammal,0.95
QUISTOCOCHA,Vaciante,23,Amphibian,0.15
QUISTOCOCHA,Vaciante,23,Anthropogenic,20.52
QUISTOCOCHA,Vaciante,23,Bird,2.73
QUISTOCOCHA,Vaciante,23,Insect,61.73
QUISTOCOCHA,Vaciante,23,Mammal,1.13
SAN LUCAS,Creciente,0,Amphibian,1.91
SAN LUCAS,Creciente,0,Anthropogenic,33.55
SAN LUCAS,Creciente,0,Bird,4.14
SAN LUCAS,Creciente,0,Insect,112.5
SAN LUCAS,Creciente,0,Mammal,0.82
SAN LUCAS,Creciente,1,Amphibian,1.0
SAN LUCAS,Creciente,1,Anthropogenic,23.45
SAN LUCAS,Creciente,1,Bird,6.41
SAN LUCAS,Creciente,1,Insect,121.41
SAN LUCAS,Creciente,1,Mammal,0.59
SAN LUCAS,Creciente,2,Amphibian,1.55
SAN LUCAS,Creciente,2,Anthropogenic,26.23
SAN LUCAS,Creciente,2,Bird,9.05
SAN LUCAS,Creciente,2,Insect,91.86
SAN LUCAS,Creciente,2,Mammal,1.27
SAN LUCAS,Creciente,3,Amphibian,3.91
SAN LUCAS,Creciente,3,Anthropogenic,12.5
SAN LUCAS,Creciente,3,Bird,40.68
SAN LUCAS,Creciente,3,Insect,79.95
SAN LUCAS,Creciente,3,Mammal,1.09
SAN LUCAS,Creciente,4,Amphibian,2.09
SAN LUCAS,Creciente,4,Anthropogenic,17.77
SAN LUCAS,Creciente,4,Bird,70.27
SAN LUCAS,Creciente,4,Insect,66.68
SAN LUCAS,Creciente,4,Mammal,2.27
SAN LUCAS,Creciente,5,Amphibian,8.55
SAN LUCAS,Creciente,5,Anthropogenic,29.82
SAN LUCAS,Creciente,5,Bird,112.91
SAN LUCAS,Creciente,5,Insect,64.0
SAN LUCAS,Creciente,5,Mammal,2.18
SAN LUCAS,Creciente,6,Amphibian,1.68
SAN LUCAS,Creciente,6,Anthropogenic,28.64
SAN LUCAS,Creciente,6,Bird,182.55
SAN LUCAS,Creciente,6,Insect,40.36
SAN LUCAS,Creciente,6,Mammal,2.18
SAN LUCAS,Creciente,7,Amphibian,0.36
SAN LUCAS,Creciente,7,Anthropogenic,40.73
SAN LUCAS,Creciente,7,Bird,165.45
SAN LUCAS,Creciente,7,Insect,44.95
SAN LUCAS,Creciente,7,Mammal,2.45
SAN LUCAS,Creciente,8,Amphibian,0.41
SAN LUCAS,Creciente,8,Anthropogenic,40.0
SAN LUCAS,Creciente,8,Bird,154.05
SAN LUCAS,Creciente,8,Insect,43.05
SAN LUCAS,Creciente,8,Mammal,1.73
SAN LUCAS,Creciente,9,Amphibian,0.05
SAN LUCAS,Creciente,9,Anthropogenic,36.91
SAN LUCAS,Creciente,9,Bird,146.45
SAN LUCAS,Creciente,9,Insect,38.68
SAN LUCAS,Creciente,9,Mammal,2.64
SAN LUCAS,Creciente,10,Amphibian,1.0
SAN LUCAS,Creciente,10,Anthropogenic,34.0
SAN LUCAS,Creciente,10,Bird,128.05
SAN LUCAS,Creciente,10,Insect,26.27
SAN LUCAS,Creciente,10,Mammal,0.59
SAN LUCAS,Creciente,11,Amphibian,1.36
SAN LUCAS,Creciente,11,Anthropogenic,37.68
SAN LUCAS,Creciente,11,Bird,114.82
SAN LUCAS,Creciente,11,Insect,40.64
SAN LUCAS,Creciente,11,Mammal,0.77
SAN LUCAS,Creciente,12,Amphibian,3.59
SAN LUCAS,Creciente,12,Anthropogenic,51.27
SAN LUCAS,Creciente,12,Bird,107.32
SAN LUCAS,Creciente,12,Insect,48.59
SAN LUCAS,Creciente,12,Mammal,0.86
SAN LUCAS,Creciente,13,Amphibian,4.91
SAN LUCAS,Creciente,13,Anthropogenic,57.5
SAN LUCAS,Creciente,13,Bird,106.55
SAN LUCAS,Creciente,13,Insect,45.86
SAN LUCAS,Creciente,13,Mammal,3.0
SAN LUCAS,Creciente,14,Amphibian,2.05
SAN LUCAS,Creciente,14,Anthropogenic,56.45
SAN LUCAS,Creciente,14,Bird,78.27
SAN LUCAS,Creciente,14,Insect,69.36
SAN LUCAS,Creciente,14,Mammal,0.91
SAN LUCAS,Creciente,15,Amphibian,15.91
SAN LUCAS,Creciente,15,Anthropogenic,40.82
SAN LUCAS,Creciente,15,Bird,59.36
SAN LUCAS,Creciente,15,Insect,87.64
SAN LUCAS,Creciente,15,Mammal,0.95
SAN LUCAS,Creciente,16,Amphibian,16.18
SAN LUCAS,Creciente,16,Anthropogenic,64.45
SAN LUCAS,Creciente,16,Bird,26.64
SAN LUCAS,Creciente,16,Insect,96.05
SAN LUCAS,Creciente,16,Mammal,0.23
SAN LUCAS,Creciente,17,Amphibian,11.27
SAN LUCAS,Creciente,17,Anthropogenic,64.36
SAN LUCAS,Creciente,17,Bird,26.09
SAN LUCAS,Creciente,17,Insect,122.45
SAN LUCAS,Creciente,17,Mammal,1.18
SAN LUCAS,Creciente,18,Amphibian,7.68
SAN LUCAS,Creciente,18,Anthropogenic,69.27
SAN LUCAS,Creciente,18,Bird,5.14
SAN LUCAS,Creciente,18,Insect,101.73
SAN LUCAS,Creciente,18,Mammal,0.36
SAN LUCAS,Creciente,19,Amphibian,0.86
SAN LUCAS,Creciente,19,Anthropogenic,53.32
SAN LUCAS,Creciente,19,Bird,0.95
SAN LUCAS,Creciente,19,Insect,120.91
SAN LUCAS,Creciente,19,Mammal,0.23
SAN LUCAS,Creciente,20,Amphibian,5.45
SAN LUCAS,Creciente,20,Anthropogenic,54.59
SAN LUCAS,Creciente,20,Bird,2.05
SAN LUCAS,Creciente,20,Insect,97.5
SAN LUCAS,Creciente,20,Mammal,0.36
SAN LUCAS,Creciente,21,Amphibian,7.86
SAN LUCAS,Creciente,21,Anthropogenic,53.73
SAN LUCAS,Creciente,21,Bird,0.95
SAN LUCAS,Creciente,21,Insect,78.0
SAN LUCAS,Creciente,22,Amphibian,6.32
SAN LUCAS,Creciente,22,Anthropogenic,52.18
SAN LUCAS,Creciente,22,Bird,2.91
SAN LUCAS,Creciente,22,Insect,87.41
SAN LUCAS,Creciente,22,Mammal,3.0
SAN LUCAS,Creciente,23,Amphibian,2.91
SAN LUCAS,Creciente,23,Anthropogenic,34.32
SAN LUCAS,Creciente,23,Bird,6.91
SAN LUCAS,Creciente,23,Insect,109.14
SAN LUCAS,Creciente,23,Mammal,1.68
SAN LUCAS,Vaciante,0,Amphibian,9.4
SAN LUCAS,Vaciante,0,Anthropogenic,16.6
SAN LUCAS,Vaciante,0,Bird,3.17
SAN LUCAS,Vaciante,0,Insect,152.97
SAN LUCAS,Vaciante,0,Mammal,0.29
SAN LUCAS,Vaciante,1,Amphibian,1.4
SAN LUCAS,Vaciante,1,Anthropogenic,20.11
SAN LUCAS,Vaciante,1,Bird,3.69
SAN LUCAS,Vaciante,1,Insect,173.31
SAN LUCAS,Vaciante,1,Mammal,0.06
SAN LUCAS,Vaciante,2,Amphibian,2.0
SAN LUCAS,Vaciante,2,Anthropogenic,18.54
SAN LUCAS,Vaciante,2,Bird,4.8
SAN LUCAS,Vaciante,2,Insect,139.51
SAN LUCAS,Vaciante,3,Amphibian,5.51
SAN LUCAS,Vaciante,3,Anthropogenic,19.31
SAN LUCAS,Vaciante,3,Bird,4.11
SAN LUCAS,Vaciante,3,Insect,144.03
SAN LUCAS,Vaciante,3,Mammal,0.09
SAN LUCAS,Vaciante,4,Amphibian,5.86
SAN LUCAS,Vaciante,4,Anthropogenic,28.66
SAN LUCAS,Vaciante,4,Bird,6.11
SAN LUCAS,Vaciante,4,Insect,126.51
SAN LUCAS,Vaciante,4,Mammal,0.11
SAN LUCAS,Vaciante,5,Amphibian,7.4
SAN LUCAS,Vaciante,5,Anthropogenic,25.8
SAN LUCAS,Vaciante,5,Bird,20.51
SAN LUCAS,Vaciante,5,Insect,143.97
SAN LUCAS,Vaciante,5,Mammal,0.31
SAN LUCAS,Vaciante,6,Amphibian,1.4
SAN LUCAS,Vaciante,6,Anthropogenic,12.94
SAN LUCAS,Vaciante,6,Bird,85.83
SAN LUCAS,Vaciante,6,Insect,113.91
SAN LUCAS,Vaciante,6,Mammal,0.26
SAN LUCAS,Vaciante,7,Amphibian,1.66
SAN LUCAS,Vaciante,7,Anthropogenic,33.23
SAN LUCAS,Vaciante,7,Bird,77.91
SAN LUCAS,Vaciante,7,Insect,96.14
SAN LUCAS,Vaciante,7,Mammal,0.14
SAN LUCAS,Vaciante,8,Amphibian,0.23
SAN LUCAS,Vaciante,8,Anthropogenic,26.49
SAN LUCAS,Vaciante,8,Bird,83.34
SAN LUCAS,Vaciante,8,Insect,104.77
SAN LUCAS,Vaciante,8,Mammal,0.17
SAN LUCAS,Vaciante,9,Amphibian,0.77
SAN LUCAS,Vaciante,9,Anthropogenic,41.77
SAN LUCAS,Vaciante,9,Bird,87.6
SAN LUCAS,Vaciante,9,Insect,87.63
SAN LUCAS,Vaciante,9,Mammal,0.69
SAN LUCAS,Vaciante,10,Amphibian,0.46
SAN LUCAS,Vaciante,10,Anthropogenic,42.51
SAN LUCAS,Vaciante,10,Bird,81.0
SAN LUCAS,Vaciante,10,Insect,78.11
SAN LUCAS,Vaciante,10,Mammal,1.23
SAN LUCAS,Vaciante,11,Amphibian,0.43
SAN LUCAS,Vaciante,11,Anthropogenic,38.77
SAN LUCAS,Vaciante,11,Bird,72.69
SAN LUCAS,Vaciante,11,Insect,66.26
SAN LUCAS,Vaciante,11,Mammal,1.26
SAN LUCAS,Vaciante,12,Amphibian,3.14
SAN LUCAS,Vaciante,12,Anthropogenic,33.09
SAN LUCAS,Vaciante,12,Bird,67.63
SAN LUCAS,Vaciante,12,Insect,83.11
SAN LUCAS,Vaciante,12,Mammal,0.8
SAN LUCAS,Vaciante,13,Amphibian,2.0
SAN LUCAS,Vaciante,13,Anthropogenic,43.66
SAN LUCAS,Vaciante,13,Bird,40.94
SAN LUCAS,Vaciante,13,Insect,85.63
SAN LUCAS,Vaciante,13,Mammal,1.63
SAN LUCAS,Vaciante,14,Amphibian,7.26
SAN LUCAS,Vaciante,14,Anthropogenic,37.71
SAN LUCAS,Vaciante,14,Bird,34.26
SAN LUCAS,Vaciante,14,Insect,120.86
SAN LUCAS,Vaciante,14,Mammal,1.14
SAN LUCAS,Vaciante,15,Amphibian,17.54
SAN LUCAS,Vaciante,15,Anthropogenic,35.86
SAN LUCAS,Vaciante,15,Bird,34.66
SAN LUCAS,Vaciante,15,Insect,131.43
SAN LUCAS,Vaciante,15,Mammal,1.17
SAN LUCAS,Vaciante,16,Amphibian,29.51
SAN LUCAS,Vaciante,16,Anthropogenic,35.29
SAN LUCAS,Vaciante,16,Bird,28.26
SAN LUCAS,Vaciante,16,Insect,148.54
SAN LUCAS,Vaciante,16,Mammal,0.34
SAN LUCAS,Vaciante,17,Amphibian,38.03
SAN LUCAS,Vaciante,17,Anthropogenic,29.94
SAN LUCAS,Vaciante,17,Bird,21.91
SAN LUCAS,Vaciante,17,Insect,136.37
SAN LUCAS,Vaciante,17,Mammal,0.43
SAN LUCAS,Vaciante,18,Amphibian,11.06
SAN LUCAS,Vaciante,18,Anthropogenic,23.89
SAN LUCAS,Vaciante,18,Bird,2.29
SAN LUCAS,Vaciante,18,Insect,199.97
SAN LUCAS,Vaciante,19,Amphibian,6.69
SAN LUCAS,Vaciante,19,Anthropogenic,18.34
SAN LUCAS,Vaciante,19,Bird,2.2
SAN LUCAS,Vaciante,19,Insect,206.74
SAN LUCAS,Vaciante,19,Mammal,0.4
SAN LUCAS,Vaciante,20,Amphibian,14.46
SAN LUCAS,Vaciante,20,Anthropogenic,36.17
SAN LUCAS,Vaciante,20,Bird,0.63
SAN LUCAS,Vaciante,20,Insect,170.49
SAN LUCAS,Vaciante,21,Amphibian,20.09
SAN LUCAS,Vaciante,21,Anthropogenic,32.89
SAN LUCAS,Vaciante,21,Bird,1.0
SAN LUCAS,Vaciante,21,Insect,149.63
SAN LUCAS,Vaciante,21,Mammal,0.23
SAN LUCAS,Vaciante,22,Amphibian,18.8
SAN LUCAS,Vaciante,22,Anthropogenic,27.54
SAN LUCAS,Vaciante,22,Bird,2.57
SAN LUCAS,Vaciante,22,Insect,148.66
SAN LUCAS,Vaciante,22,Mammal,0.11
SAN LUCAS,Vaciante,23,Amphibian,14.26
SAN LUCAS,Vaciante,23,Anthropogenic,21.77
SAN LUCAS,Vaciante,23,Bird,1.83
SAN LUCAS,Vaciante,23,Insect,155.09
SAN LUCAS,Vaciante,23,Mammal,0.29
VARILLAL,Creciente,0,Amphibian,11.78
VARILLAL,Creciente,0,Anthropogenic,47.78
VARILLAL,Creciente,0,Bird,8.61
VARILLAL,Creciente,0,Insect,212.31
VARILLAL,Creciente,0,Mammal,0.61
VARILLAL,Creciente,1,Amphibian,10.94
VARILLAL,Creciente,1,Anthropogenic,58.47
VARILLAL,Creciente,1,Bird,10.14
VARILLAL,Creciente,1,Insect,181.28
VARILLAL,Creciente,1,Mammal,1.86
VARILLAL,Creciente,2,Amphibian,17.06
VARILLAL,Creciente,2,Anthropogenic,56.44
VARILLAL,Creciente,2,Bird,13.5
VARILLAL,Creciente,2,Insect,200.5
VARILLAL,Creciente,2,Mammal,2.64
VARILLAL,Creciente,3,Amphibian,12.67
VARILLAL,Creciente,3,Anthropogenic,74.22
VARILLAL,Creciente,3,Bird,18.11
VARILLAL,Creciente,3,Insect,161.97
VARILLAL,Creciente,3,Mammal,0.78
VARILLAL,Creciente,4,Amphibian,1.61
VARILLAL,Creciente,4,Anthropogenic,71.81
VARILLAL,Creciente,4,Bird,46.97
VARILLAL,Creciente,4,Insect,160.69
VARILLAL,Creciente,4,Mammal,1.67
VARILLAL,Creciente,5,Amphibian,6.31
VARILLAL,Creciente,5,Anthropogenic,88.33
VARILLAL,Creciente,5,Bird,51.72
VARILLAL,Creciente,5,Insect,125.47
VARILLAL,Creciente,5,Mammal,2.81
VARILLAL,Creciente,6,Amphibian,1.81
VARILLAL,Creciente,6,Anthropogenic,70.06
VARILLAL,Creciente,6,Bird,92.89
VARILLAL,Creciente,6,Insect,100.53
VARILLAL,Creciente,6,Mammal,1.86
VARILLAL,Creciente,7,Amphibian,2.42
VARILLAL,Creciente,7,Anthropogenic,89.19
VARILLAL,Creciente,7,Bird,89.56
VARILLAL,Creciente,7,Insect,83.81
VARILLAL,Creciente,7,Mammal,2.61
VARILLAL,Creciente,8,Amphibian,1.75
VARILLAL,Creciente,8,Anthropogenic,90.22
VARILLAL,Creciente,8,Bird,86.33
VARILLAL,Creciente,8,Insect,90.67
VARILLAL,Creciente,8,Mammal,2.25
VARILLAL,Creciente,9,Amphibian,3.17
VARILLAL,Creciente,9,Anthropogenic,77.97
VARILLAL,Creciente,9,Bird,75.28
VARILLAL,Creciente,9,Insect,79.08
VARILLAL,Creciente,9,Mammal,1.92
VARILLAL,Creciente,10,Amphibian,0.31
VARILLAL,Creciente,10,Anthropogenic,73.06
VARILLAL,Creciente,10,Bird,68.11
VARILLAL,Creciente,10,Insect,86.53
VARILLAL,Creciente,10,Mammal,1.44
VARILLAL,Creciente,11,Amphibian,1.14
VARILLAL,Creciente,11,Anthropogenic,55.92
VARILLAL,Creciente,11,Bird,83.14
VARILLAL,Creciente,11,Insect,103.19
VARILLAL,Creciente,11,Mammal,1.83
VARILLAL,Creciente,12,Amphibian,3.75
VARILLAL,Creciente,12,Anthropogenic,57.97
VARILLAL,Creciente,12,Bird,64.92
VARILLAL,Creciente,12,Insect,94.06
VARILLAL,Creciente,12,Mammal,1.69
VARILLAL,Creciente,13,Amphibian,4.56
VARILLAL,Creciente,13,Anthropogenic,62.69
VARILLAL,Creciente,13,Bird,70.5
VARILLAL,Creciente,13,Insect,127.69
VARILLAL,Creciente,13,Mammal,1.28
VARILLAL,Creciente,14,Amphibian,10.17
VARILLAL,Creciente,14,Anthropogenic,66.25
VARILLAL,Creciente,14,Bird,68.86
VARILLAL,Creciente,14,Insect,167.19
VARILLAL,Creciente,14,Mammal,1.78
VARILLAL,Creciente,15,Amphibian,15.44
VARILLAL,Creciente,15,Anthropogenic,64.14
VARILLAL,Creciente,15,Bird,68.08
VARILLAL,Creciente,15,Insect,170.25
VARILLAL,Creciente,15,Mammal,2.33
VARILLAL,Creciente,16,Amphibian,5.61
VARILLAL,Creciente,16,Anthropogenic,52.67
VARILLAL,Creciente,16,Bird,46.08
VARILLAL,Creciente,16,Insect,165.89
VARILLAL,Creciente,16,Mammal,2.0
VARILLAL,Creciente,17,Amphibian,5.67
VARILLAL,Creciente,17,Anthropogenic,81.53
VARILLAL,Creciente,17,Bird,53.86
VARILLAL,Creciente,17,Insect,159.56
VARILLAL,Creciente,17,Mammal,0.78
VARILLAL,Creciente,18,Amphibian,7.36
VARILLAL,Creciente,18,Anthropogenic,82.22
VARILLAL,Creciente,18,Bird,11.83
VARILLAL,Creciente,18,Insect,181.28
VARILLAL,Creciente,18,Mammal,0.5
VARILLAL,Creciente,19,Amphibian,6.14
VARILLAL,Creciente,19,Anthropogenic,52.03
VARILLAL,Creciente,19,Bird,3.36
VARILLAL,Creciente,19,Insect,227.19
VARILLAL,Creciente,19,Mammal,1.36
VARILLAL,Creciente,20,Amphibian,3.67
VARILLAL,Creciente,20,Anthropogenic,65.81
VARILLAL,Creciente,20,Bird,2.28
VARILLAL,Creciente,20,Insect,183.36
VARILLAL,Creciente,20,Mammal,0.19
VARILLAL,Creciente,21,Amphibian,3.61
VARILLAL,Creciente,21,Anthropogenic,77.56
VARILLAL,Creciente,21,Bird,3.86
VARILLAL,Creciente,21,Insect,186.97
VARILLAL,Creciente,21,Mammal,0.92
VARILLAL,Creciente,22,Amphibian,3.14
VARILLAL,Creciente,22,Anthropogenic,59.81
VARILLAL,Creciente,22,Bird,4.92
VARILLAL,Creciente,22,Insect,220.97
VARILLAL,Creciente,22,Mammal,0.75
VARILLAL,Creciente,23,Amphibian,9.25
VARILLAL,Creciente,23,Anthropogenic,55.72
VARILLAL,Creciente,23,Bird,4.94
VARILLAL,Creciente,23,Insect,236.06
VARILLAL,Creciente,23,Mammal,1.06
VARILLAL,Vaciante,0,Amphibian,0.13
VARILLAL,Vaciante,0,Anthropogenic,18.5
VARILLAL,Vaciante,0,Bird,1.5
VARILLAL,Vaciante,0,Insect,43.71
VARILLAL,Vaciante,0,Mammal,0.54
VARILLAL,Vaciante,1,Amphibian,0.17
VARILLAL,Vaciante,1,Anthropogenic,17.38
VARILLAL,Vaciante,1,Bird,2.21
VARILLAL,Vaciante,1,Insect,38.33
VARILLAL,Vaciante,1,Mammal,0.79
VARILLAL,Vaciante,2,Amphibian,0.96
VARILLAL,Vaciante,2,Anthropogenic,16.71
VARILLAL,Vaciante,2,Bird,0.63
VARILLAL,Vaciante,2,Insect,40.88
VARILLAL,Vaciante,3,Amphibian,3.33
VARILLAL,Vaciante,3,Anthropogenic,11.75
VARILLAL,Vaciante,3,Bird,2.79
VARILLAL,Vaciante,3,Insect,37.83
VARILLAL,Vaciante,3,Mammal,0.71
VARILLAL,Vaciante,4,Amphibian,2.58
VARILLAL,Vaciante,4,Anthropogenic,11.42
VARILLAL,Vaciante,4,Bird,4.46
VARILLAL,Vaciante,4,Insect,43.42
VARILLAL,Vaciante,4,Mammal,1.54
VARILLAL,Vaciante,5,Amphibian,3.33
VARILLAL,Vaciante,5,Anthropogenic,7.63
VARILLAL,Vaciante,5,Bird,8.92
VARILLAL,Vaciante,5,Insect,38.67
VARILLAL,Vaciante,5,Mammal,1.29
VARILLAL,Vaciante,6,Amphibian,0.21
VARILLAL,Vaciante,6,Anthropogenic,9.04
VARILLAL,Vaciante,6,Bird,26.79
VARILLAL,Vaciante,6,Insect,23.58
VARILLAL,Vaciante,6,Mammal,0.54
VARILLAL,Vaciante,7,Amphibian,0.38
VARILLAL,Vaciante,7,Anthropogenic,7.92
VARILLAL,Vaciante,7,Bird,21.42
VARILLAL,Vaciante,7,Insect,29.54
VARILLAL,Vaciante,7,Mammal,0.71
VARILLAL,Vaciante,8,Amphibian,2.54
VARILLAL,Vaciante,8,Anthropogenic,11.08
VARILLAL,Vaciante,8,Bird,19.08
VARILLAL,Vaciante,8,Insect,34.71
VARILLAL,Vaciante,8,Mammal,0.46
VARILLAL,Vaciante,9,Amphibian,0.29
VARILLAL,Vaciante,9,Anthropogenic,13.29
VARILLAL,Vaciante,9,Bird,20.04
VARILLAL,Vaciante,9,Insect,26.08
VARILLAL,Vaciante,9,Mammal,0.5
VARILLAL,Vaciante,10,Amphibian,0.21
VARILLAL,Vaciante,10,Anthropogenic,15.58
VARILLAL,Vaciante,10,Bird,25.42
VARILLAL,Vaciante,10,Insect,23.08
VARILLAL,Vaciante,10,Mammal,0.29
VARILLAL,Vaciante,11,Amphibian,0.21
VARILLAL,Vaciante,11,Anthropogenic,15.58
VARILLAL,Vaciante,11,Bird,28.67
VARILLAL,Vaciante,11,Insect,19.58
VARILLAL,Vaciante,11,Mammal,1.08
VARILLAL,Vaciante,12,Amphibian,0.21
VARILLAL,Vaciante,12,Anthropogenic,20.75
VARILLAL,Vaciante,12,Bird,26.08
VARILLAL,Vaciante,12,Insect,15.79
VARILLAL,Vaciante,12,Mammal,0.5
VARILLAL,Vaciante,13,Amphibian,0.08
VARILLAL,Vaciante,13,Anthropogenic,25.46
VARILLAL,Vaciante,13,Bird,28.13
VARILLAL,Vaciante,13,Insect,16.0
VARILLAL,Vaciante,13,Mammal,1.42
VARILLAL,Vaciante,14,Amphibian,1.46
VARILLAL,Vaciante,14,Anthropogenic,19.42
VARILLAL,Vaciante,14,Bird,20.25
VARILLAL,Vaciante,14,Insect,27.92
VARILLAL,Vaciante,14,Mammal,0.46
VARILLAL,Vaciante,15,Amphibian,2.17
VARILLAL,Vaciante,15,Anthropogenic,14.17
VARILLAL,Vaciante,15,Bird,19.21
VARILLAL,Vaciante,15,Insect,40.67
VARILLAL,Vaciante,15,Mammal,0.63
VARILLAL,Vaciante,16,Amphibian,4.92
VARILLAL,Vaciante,16,Anthropogenic,16.42
VARILLAL,Vaciante,16,Bird,22.58
VARILLAL,Vaciante,16,Insect,34.79
VARILLAL,Vaciante,16,Mammal,0.58
VARILLAL,Vaciante,17,Amphibian,4.67
VARILLAL,Vaciante,17,Anthropogenic,17.04
VARILLAL,Vaciante,17,Bird,22.13
VARILLAL,Vaciante,17,Insect,36.25
VARILLAL,Vaciante,17,Mammal,0.54
VARILLAL,Vaciante,18,Amphibian,6.67
VARILLAL,Vaciante,18,Anthropogenic,18.83
VARILLAL,Vaciante,18,Bird,11.42
VARILLAL,Vaciante,18,Insect,43.63
VARILLAL,Vaciante,18,Mammal,0.08
VARILLAL,Vaciante,19,Amphibian,1.13
VARILLAL,Vaciante,19,Anthropogenic,25.04
VARILLAL,Vaciante,19,Bird,9.38
VARILLAL,Vaciante,19,Insect,52.5
VARILLAL,Vaciante,19,Mammal,0.13
VARILLAL,Vaciante,20,Amphibian,0.79
VARILLAL,Vaciante,20,Anthropogenic,44.42
VARILLAL,Vaciante,20,Bird,4.92
VARILLAL,Vaciante,20,Insect,31.42
VARILLAL,Vaciante,20,Mammal,0.17
VARILLAL,Vaciante,21,Amphibian,1.58
VARILLAL,Vaciante,21,Anthropogenic,27.04
VARILLAL,Vaciante,21,Bird,3.54
VARILLAL,Vaciante,21,Insect,39.29
VARILLAL,Vaciante,21,Mammal,0.5
VARILLAL,Vaciante,22,Amphibian,1.46
VARILLAL,Vaciante,22,Anthropogenic,19.92
VARILLAL,Vaciante,22,Bird,4.88
VARILLAL,Vaciante,22,Insect,28.58
VARILLAL,Vaciante,22,Mammal,0.58
VARILLAL,Vaciante,23,Amphibian,1.38
VARILLAL,Vaciante,23,Anthropogenic,22.42
VARILLAL,Vaciante,23,Bird,2.33
VARILLAL,Vaciante,23,Insect,45.67
